constraint_center,constraint_width,learning_rate,n_epochs,accuracy
1.0,2,1.0,5,0.9653333333333333
0.5,2,1.0,5,0.9573333333333334
0.3333333333333333,2,1.0,5,0.968
0.25,2,1.0,5,0.9733333333333333
0.2,2,1.0,5,0.9626666666666666
0.16666666666666666,2,1.0,5,0.9706666666666666
0.14285714285714285,2,1.0,5,0.9653333333333334
0.125,2,1.0,5,0.968
0.1111111111111111,2,1.0,5,0.96
