,x1,x2,x3,Class,Activations
21,high,low,high,low,0.026515348568169783
20,high,low,medium,low,0.0250125376309083
10,medium,low,low,low,0.023606760303509923
1,low,low,low,low,0.02312973263498454
12,medium,low,high,low,0.021067604473299632
