,x1,x2,x3,Class,Activations
21,high,low,high,low,0.021089068189715683
1,low,low,low,low,0.019320771272145345
2,low,low,medium,low,0.01845684678174361
3,low,low,high,low,0.018245597438354716
10,medium,low,low,low,0.018178933903531164
