,x1,x2,x3,Class,Activations
15,medium,medium,high,low,0.11146907191298111
24,high,medium,high,low,0.10712259494024232
14,medium,medium,medium,low,0.10612831067938487
6,low,medium,high,low,0.10608965443532006
23,high,medium,medium,low,0.10289071079254926
13,medium,medium,low,high,0.10167112889161317
5,low,medium,medium,high,0.10034792475143822
22,high,medium,low,low,0.09799710699022725
4,low,medium,low,low,0.0961334275819683
21,high,low,high,low,0.09223000672891808
