,A,B,Class,Activations
3,true,false,true,0.07601891131777555
4,true,true,false,0.07114571682991329
2,false,true,true,0.06816651786157182
1,false,false,false,0.06192331726291262
