,A,B,Class,Activations
2,false,true,true,0.07853176154343436
1,false,false,false,0.07516483157543137
3,true,false,true,0.062462516775072426
4,true,true,false,0.05619050276743201
