,A,B,Class,Activations
2,true,false,true,0.07601891131777555
3,true,true,false,0.07114571682991329
1,false,true,true,0.06816651786157181
0,false,false,false,0.06192331726291261
