,A,B,Class,Activations
2,false,true,true,0.07750399892186542
1,false,false,false,0.07316942804661944
3,true,false,true,0.06183182802875246
4,true,true,false,0.056916426510081164
