,A,B,Class,Activations
1,false,false,false,0.05740601268874958
2,false,true,true,0.055846833192627725
3,true,false,true,0.045234358235724186
4,true,true,false,0.03557251209805078
