,x1,x2,Class,Activations
4,medium,low,low,0.27172316731182367
5,medium,medium,high,0.25770515627379154
6,medium,high,high,0.23847497172802365
7,high,low,low,0.20481123930295553
1,low,low,low,0.2011326532735898
8,high,medium,low,0.19425492559564395
2,low,medium,high,0.19133908074542733
9,high,high,low,0.17706456271077217
3,low,high,high,0.16730730992825482
